Word,Frequency,letter0,letter1,letter2,letter3,letter4
cigar,3993843,c,i,g,a,r
rebut,235254,r,e,b,u,t
sissy,1410911,s,i,s,s,y
humph,60767,h,u,m,p,h
awake,3230337,a,w,a,k,e
blush,1722003,b,l,u,s,h
focal,5844761,f,o,c,a,l
evade,605626,e,v,a,d,e
naval,8091649,n,a,v,a,l
serve,36697856,s,e,r,v,e
heath,6139151,h,e,a,t,h
dwarf,3072068,d,w,a,r,f
model,161205740,m,o,d,e,l
karma,6862407,k,a,r,m,a
stink,872742,s,t,i,n,k
grade,54275130,g,r,a,d,e
quiet,16746894,q,u,i,e,t
bench,8992211,b,e,n,c,h
abate,470646,a,b,a,t,e
feign,116753,f,e,i,g,n
major,122592252,m,a,j,o,r
death,83216831,d,e,a,t,h
fresh,38781893,f,r,e,s,h
crust,2267452,c,r,u,s,t
stool,3031945,s,t,o,o,l
colon,5494297,c,o,l,o,n
abase,29383,a,b,a,s,e
marry,4388137,m,a,r,r,y
react,4126376,r,e,a,c,t
batty,416010,b,a,t,t,y
pride,14428078,p,r,i,d,e
floss,1013783,f,l,o,s,s
helix,2921411,h,e,l,i,x
croak,169181,c,r,o,a,k
staff,151553180,s,t,a,f,f
paper,134939426,p,a,p,e,r
unfed,20266,u,n,f,e,d
whelp,70407,w,h,e,l,p
trawl,553588,t,r,a,w,l
outdo,146433,o,u,t,d,o
adobe,27538755,a,d,o,b,e
crazy,23032837,c,r,a,z,y
sower,137381,s,o,w,e,r
repay,1746487,r,e,p,a,y
digit,6991045,d,i,g,i,t
crate,2336818,c,r,a,t,e
cluck,134048,c,l,u,c,k
spike,4833410,s,p,i,k,e
mimic,1187154,m,i,m,i,c
pound,13620117,p,o,u,n,d
maxim,3820484,m,a,x,i,m
linen,4960413,l,i,n,e,n
unmet,590631,u,n,m,e,t
flesh,6768724,f,l,e,s,h
booby,379438,b,o,o,b,y
forth,20149609,f,o,r,t,h
first,578161543,f,i,r,s,t
stand,46292709,s,t,a,n,d
belly,7346354,b,e,l,l,y
ivory,7146685,i,v,o,r,y
seedy,284954,s,e,e,d,y
print,178250872,p,r,i,n,t
yearn,300957,y,e,a,r,n
drain,6411642,d,r,a,i,n
bribe,646492,b,r,i,b,e
stout,1939514,s,t,o,u,t
panel,53784382,p,a,n,e,l
crass,408565,c,r,a,s,s
flume,173970,f,l,u,m,e
offal,194416,o,f,f,a,l
agree,47500911,a,g,r,e,e
error,89396475,e,r,r,o,r
swirl,1251090,s,w,i,r,l
argue,8353605,a,r,g,u,e
bleed,1989071,b,l,e,e,d
delta,28051872,d,e,l,t,a
flick,2226500,f,l,i,c,k
totem,955271,t,o,t,e,m
front,100886343,f,r,o,n,t
shrub,1458217,s,h,r,u,b
parry,1371591,p,a,r,r,y
biome,174268,b,i,o,m,e
lapel,1119712,l,a,p,e,l
start,161913408,s,t,a,r,t
greet,1784219,g,r,e,e,t
goner,80810,g,o,n,e,r
golem,444797,g,o,l,e,m
lusty,702157,l,u,s,t,y
loopy,263368,l,o,o,p,y
round,61836702,r,o,u,n,d
audit,20786243,a,u,d,i,t
lying,8260845,l,y,i,n,g
gamma,35426622,g,a,m,m,a
labor,37866418,l,a,b,o,r
islet,488105,i,s,l,e,t
civic,10283668,c,i,v,i,c
forge,5226805,f,o,r,g,e
corny,378659,c,o,r,n,y
moult,75151,m,o,u,l,t
basic,84840226,b,a,s,i,c
salad,8923706,s,a,l,a,d
agate,900451,a,g,a,t,e
spicy,3170817,s,p,i,c,y
spray,15148133,s,p,r,a,y
essay,11750312,e,s,s,a,y
fjord,387543,f,j,o,r,d
spend,26713310,s,p,e,n,d
kebab,248067,k,e,b,a,b
guild,7923630,g,u,i,l,d
aback,272920,a,b,a,c,k
motor,40615655,m,o,t,o,r
alone,39326417,a,l,o,n,e
hatch,3896261,h,a,t,c,h
hyper,3153749,h,y,p,e,r
thumb,7284386,t,h,u,m,b
dowry,275011,d,o,w,r,y
ought,7523238,o,u,g,h,t
belch,115135,b,e,l,c,h
dutch,19000979,d,u,t,c,h
pilot,21909830,p,i,l,o,t
tweed,1631867,t,w,e,e,d
comet,3116034,c,o,m,e,t
jaunt,180434,j,a,u,n,t
enema,1329511,e,n,e,m,a
steed,701658,s,t,e,e,d
abyss,1152408,a,b,y,s,s
growl,461820,g,r,o,w,l
fling,682999,f,l,i,n,g
dozen,9776227,d,o,z,e,n
boozy,71828,b,o,o,z,y
erode,774411,e,r,o,d,e
world,431934249,w,o,r,l,d
gouge,240551,g,o,u,g,e
click,536746424,c,l,i,c,k
briar,630788,b,r,i,a,r
great,301487430,g,r,e,a,t
altar,2627835,a,l,t,a,r
pulpy,41088,p,u,l,p,y
blurt,86781,b,l,u,r,t
coast,47716394,c,o,a,s,t
duchy,339003,d,u,c,h,y
groin,784476,g,r,o,i,n
fixer,554896,f,i,x,e,r
group,321842984,g,r,o,u,p
rogue,4576302,r,o,g,u,e
badly,5290145,b,a,d,l,y
smart,36636558,s,m,a,r,t
pithy,194285,p,i,t,h,y
gaudy,248813,g,a,u,d,y
chill,4489643,c,h,i,l,l
heron,1576813,h,e,r,o,n
vodka,2155662,v,o,d,k,a
finer,1455912,f,i,n,e,r
surer,73497,s,u,r,e,r
radio,113285624,r,a,d,i,o
rouge,6084449,r,o,u,g,e
perch,1235177,p,e,r,c,h
retch,37821,r,e,t,c,h
wrote,56421594,w,r,o,t,e
clock,26624872,c,l,o,c,k
tilde,344748,t,i,l,d,e
store,291308910,s,t,o,r,e
prove,16046788,p,r,o,v,e
bring,57608074,b,r,i,n,g
solve,13452150,s,o,l,v,e
cheat,9903572,c,h,e,a,t
grime,514156,g,r,i,m,e
exult,151420,e,x,u,l,t
usher,4948609,u,s,h,e,r
epoch,1680235,e,p,o,c,h
triad,1519533,t,r,i,a,d
break,51242970,b,r,e,a,k
rhino,2619135,r,h,i,n,o
viral,5969493,v,i,r,a,l
conic,216832,c,o,n,i,c
masse,515818,m,a,s,s,e
sonic,7298920,s,o,n,i,c
vital,14166642,v,i,t,a,l
trace,11697252,t,r,a,c,e
using,269448880,u,s,i,n,g
peach,3938068,p,e,a,c,h
champ,2867858,c,h,a,m,p
baton,4229776,b,a,t,o,n
brake,9321885,b,r,a,k,e
pluck,891481,p,l,u,c,k
craze,962477,c,r,a,z,e
gripe,545043,g,r,i,p,e
weary,1632945,w,e,a,r,y
picky,711200,p,i,c,k,y
acute,11128841,a,c,u,t,e
ferry,9208954,f,e,r,r,y
aside,11768649,a,s,i,d,e
tapir,86809,t,a,p,i,r
troll,2079165,t,r,o,l,l
unify,631185,u,n,i,f,y
rebus,227042,r,e,b,u,s
boost,13675076,b,o,o,s,t
truss,1484384,t,r,u,s,s
siege,2518421,s,i,e,g,e
tiger,13763074,t,i,g,e,r
banal,260129,b,a,n,a,l
slump,878659,s,l,u,m,p
crank,2185208,c,r,a,n,k
gorge,1950264,g,o,r,g,e
query,31284313,q,u,e,r,y
drink,29254937,d,r,i,n,k
favor,11867822,f,a,v,o,r
abbey,4224864,a,b,b,e,y
tangy,333638,t,a,n,g,y
panic,6396440,p,a,n,i,c
solar,20423792,s,o,l,a,r
shire,2665081,s,h,i,r,e
proxy,10773043,p,r,o,x,y
point,175527859,p,o,i,n,t
robot,12656312,r,o,b,o,t
prick,891337,p,r,i,c,k
wince,717079,w,i,n,c,e
crimp,640746,c,r,i,m,p
knoll,965905,k,n,o,l,l
sugar,22450333,s,u,g,a,r
whack,725891,w,h,a,c,k
mount,36648260,m,o,u,n,t
perky,1360009,p,e,r,k,y
could,302311431,c,o,u,l,d
wrung,121159,w,r,u,n,g
light,126699632,l,i,g,h,t
those,270014141,t,h,o,s,e
moist,2140516,m,o,i,s,t
shard,287428,s,h,a,r,d
pleat,266830,p,l,e,a,t
aloft,497342,a,l,o,f,t
skill,15835076,s,k,i,l,l
elder,7299470,e,l,d,e,r
frame,46079991,f,r,a,m,e
humor,18085495,h,u,m,o,r
pause,4606318,p,a,u,s,e
ulcer,1336605,u,l,c,e,r
ultra,21795075,u,l,t,r,a
robin,11423944,r,o,b,i,n
cynic,525906,c,y,n,i,c
agora,797585,a,g,o,r,a
aroma,2018777,a,r,o,m,a
caulk,245944,c,a,u,l,k
shake,6839319,s,h,a,k,e
pupal,68283,p,u,p,a,l
dodge,14768509,d,o,d,g,e
swill,92032,s,w,i,l,l
tacit,594255,t,a,c,i,t
other,978481319,o,t,h,e,r
thorn,1421673,t,h,o,r,n
trove,702353,t,r,o,v,e
bloke,766763,b,l,o,k,e
vivid,4479514,v,i,v,i,d
spill,3890646,s,p,i,l,l
chant,1374428,c,h,a,n,t
choke,1448146,c,h,o,k,e
rupee,2831536,r,u,p,e,e
nasty,7434847,n,a,s,t,y
mourn,779010,m,o,u,r,n
ahead,28375319,a,h,e,a,d
brine,816003,b,r,i,n,e
cloth,9764137,c,l,o,t,h
hoard,433375,h,o,a,r,d
sweet,32311923,s,w,e,e,t
month,123027963,m,o,n,t,h
lapse,1459542,l,a,p,s,e
watch,92006970,w,a,t,c,h
today,239271204,t,o,d,a,y
focus,65626732,f,o,c,u,s
smelt,301053,s,m,e,l,t
tease,2019275,t,e,a,s,e
cater,2092828,c,a,t,e,r
movie,158421100,m,o,v,i,e
lynch,4920597,l,y,n,c,h
saute,546457,s,a,u,t,e
allow,67052567,a,l,l,o,w
renew,6561081,r,e,n,e,w
their,782849411,t,h,e,i,r
slosh,51634,s,l,o,s,h
purge,1366135,p,u,r,g,e
chest,13516414,c,h,e,s,t
depot,9688338,d,e,p,o,t
epoxy,1908076,e,p,o,x,y
nymph,697326,n,y,m,p,h
found,232005894,f,o,u,n,d
shall,191963867,s,h,a,l,l
harry,33867934,h,a,r,r,y
stove,3914849,s,t,o,v,e
lowly,543486,l,o,w,l,y
snout,258314,s,n,o,u,t
trope,109419,t,r,o,p,e
fewer,10792786,f,e,w,e,r
shawl,1011728,s,h,a,w,l
natal,3010028,n,a,t,a,l
fibre,5134463,f,i,b,r,e
comma,2711522,c,o,m,m,a
foray,499808,f,o,r,a,y
scare,2972708,s,c,a,r,e
stair,2012524,s,t,a,i,r
black,244690155,b,l,a,c,k
squad,8744772,s,q,u,a,d
royal,45407189,r,o,y,a,l
chunk,2371231,c,h,u,n,k
mince,328039,m,i,n,c,e
slave,10692715,s,l,a,v,e
shame,6785296,s,h,a,m,e
cheek,2681029,c,h,e,e,k
ample,3187842,a,m,p,l,e
flair,1924190,f,l,a,i,r
foyer,1042532,f,o,y,e,r
cargo,9748668,c,a,r,g,o
oxide,5321340,o,x,i,d,e
plant,53247607,p,l,a,n,t
olive,9298184,o,l,i,v,e
inert,935898,i,n,e,r,t
askew,473664,a,s,k,e,w
heist,419629,h,e,i,s,t
shown,68755779,s,h,o,w,n
zesty,210124,z,e,s,t,y
hasty,700024,h,a,s,t,y
trash,7092806,t,r,a,s,h
fella,639391,f,e,l,l,a
larva,462298,l,a,r,v,a
forgo,340426,f,o,r,g,o
story,138433809,s,t,o,r,y
hairy,19060619,h,a,i,r,y
train,31816971,t,r,a,i,n
homer,4281428,h,o,m,e,r
badge,6145138,b,a,d,g,e
midst,3381410,m,i,d,s,t
canny,209480,c,a,n,n,y
fetus,1744267,f,e,t,u,s
butch,1213820,b,u,t,c,h
farce,727546,f,a,r,c,e
slung,253265,s,l,u,n,g
tipsy,279464,t,i,p,s,y
metal,56181783,m,e,t,a,l
yield,15022494,y,i,e,l,d
delve,640909,d,e,l,v,e
being,242783091,b,e,i,n,g
scour,411478,s,c,o,u,r
glass,63559754,g,l,a,s,s
gamer,3144985,g,a,m,e,r
scrap,3757085,s,c,r,a,p
money,190205072,m,o,n,e,y
hinge,1758893,h,i,n,g,e
album,77914316,a,l,b,u,m
vouch,388963,v,o,u,c,h
asset,18178753,a,s,s,e,t
tiara,923335,t,i,a,r,a
crept,588735,c,r,e,p,t
bayou,1397958,b,a,y,o,u
atoll,908471,a,t,o,l,l
manor,7084688,m,a,n,o,r
creak,124122,c,r,e,a,k
showy,294798,s,h,o,w,y
phase,40722940,p,h,a,s,e
froth,278469,f,r,o,t,h
depth,31879926,d,e,p,t,h
gloom,878018,g,l,o,o,m
flood,13979267,f,l,o,o,d
trait,1705417,t,r,a,i,t
girth,492919,g,i,r,t,h
piety,595389,p,i,e,t,y
payer,1439009,p,a,y,e,r
goose,3739382,g,o,o,s,e
float,8808655,f,l,o,a,t
donor,7096675,d,o,n,o,r
atone,152901,a,t,o,n,e
primo,912120,p,r,i,m,o
apron,1617357,a,p,r,o,n
blown,4229918,b,l,o,w,n
cacao,331714,c,a,c,a,o
loser,2529180,l,o,s,e,r
input,57191675,i,n,p,u,t
gloat,113594,g,l,o,a,t
awful,5217370,a,w,f,u,l
brink,1484879,b,r,i,n,k
smite,270393,s,m,i,t,e
beady,87974,b,e,a,d,y
rusty,2780895,r,u,s,t,y
retro,8000179,r,e,t,r,o
droll,196087,d,r,o,l,l
gawky,31136,g,a,w,k,y
hutch,1373107,h,u,t,c,h
pinto,1108872,p,i,n,t,o
gaily,131276,g,a,i,l,y
egret,394773,e,g,r,e,t
lilac,1738684,l,i,l,a,c
sever,686306,s,e,v,e,r
field,135289140,f,i,e,l,d
fluff,814535,f,l,u,f,f
hydro,3725464,h,y,d,r,o
flack,408860,f,l,a,c,k
agape,414471,a,g,a,p,e
wench,310447,w,e,n,c,h
voice,64600528,v,o,i,c,e
stead,724786,s,t,e,a,d
stalk,936028,s,t,a,l,k
berth,1056010,b,e,r,t,h
madam,2023575,m,a,d,a,m
night,130531484,n,i,g,h,t
bland,1606490,b,l,a,n,d
liver,12139363,l,i,v,e,r
wedge,3162851,w,e,d,g,e
augur,120764,a,u,g,u,r
roomy,574188,r,o,o,m,y
wacky,1861879,w,a,c,k,y
flock,2585098,f,l,o,c,k
angry,9267505,a,n,g,r,y
bobby,8964342,b,o,b,b,y
trite,287494,t,r,i,t,e
aphid,295138,a,p,h,i,d
tryst,205722,t,r,y,s,t
midge,308737,m,i,d,g,e
power,226596368,p,o,w,e,r
elope,74984,e,l,o,p,e
cinch,427247,c,i,n,c,h
motto,1894147,m,o,t,t,o
stomp,1168038,s,t,o,m,p
upset,5544484,u,p,s,e,t
bluff,3906671,b,l,u,f,f
cramp,402123,c,r,a,m,p
quart,2002127,q,u,a,r,t
coyly,52174,c,o,y,l,y
youth,51426255,y,o,u,t,h
rhyme,1530733,r,h,y,m,e
buggy,1955438,b,u,g,g,y
alien,10490554,a,l,i,e,n
smear,1289528,s,m,e,a,r
unfit,814145,u,n,f,i,t
patty,2339693,p,a,t,t,y
cling,946281,c,l,i,n,g
glean,232952,g,l,e,a,n
label,41359857,l,a,b,e,l
hunky,279599,h,u,n,k,y
khaki,1481504,k,h,a,k,i
poker,129054826,p,o,k,e,r
gruel,82196,g,r,u,e,l
twice,19945569,t,w,i,c,e
twang,243118,t,w,a,n,g
shrug,720506,s,h,r,u,g
treat,19442315,t,r,e,a,t
unlit,94251,u,n,l,i,t
waste,41089558,w,a,s,t,e
merit,6450895,m,e,r,i,t
woven,4248524,w,o,v,e,n
octal,557500,o,c,t,a,l
needy,1636137,n,e,e,d,y
clown,3081501,c,l,o,w,n
widow,3804620,w,i,d,o,w
irony,2212193,i,r,o,n,y
ruder,89666,r,u,d,e,r
gauze,556178,g,a,u,z,e
chief,45699591,c,h,i,e,f
onset,3858839,o,n,s,e,t
prize,16204739,p,r,i,z,e
fungi,2000715,f,u,n,g,i
charm,10554644,c,h,a,r,m
gully,800734,g,u,l,l,y
inter,15269346,i,n,t,e,r
whoop,331753,w,h,o,o,p
taunt,295148,t,a,u,n,t
leery,168700,l,e,e,r,y
class,191087771,c,l,a,s,s
theme,37219937,t,h,e,m,e
lofty,1018661,l,o,f,t,y
tibia,620778,t,i,b,i,a
booze,1178694,b,o,o,z,e
alpha,27832836,a,l,p,h,a
thyme,1007823,t,h,y,m,e
eclat,123738,e,c,l,a,t
doubt,20311261,d,o,u,b,t
parer,38034,p,a,r,e,r
chute,834005,c,h,u,t,e
stick,22399126,s,t,i,c,k
trice,354532,t,r,i,c,e
alike,6220739,a,l,i,k,e
sooth,141125,s,o,o,t,h
recap,2861982,r,e,c,a,p
saint,38929141,s,a,i,n,t
liege,598284,l,i,e,g,e
glory,13158826,g,l,o,r,y
grate,672155,g,r,a,t,e
admit,8780656,a,d,m,i,t
brisk,774000,b,r,i,s,k
soggy,331525,s,o,g,g,y
usurp,171456,u,s,u,r,p
scald,101839,s,c,a,l,d
scorn,622924,s,c,o,r,n
leave,70957750,l,e,a,v,e
twine,415457,t,w,i,n,e
sting,2773263,s,t,i,n,g
bough,520067,b,o,u,g,h
marsh,5073104,m,a,r,s,h
sloth,519428,s,l,o,t,h
dandy,1098188,d,a,n,d,y
vigor,977544,v,i,g,o,r
howdy,726642,h,o,w,d,y
enjoy,50141455,e,n,j,o,y
valid,57094711,v,a,l,i,d
ionic,1808092,i,o,n,i,c
equal,34832354,e,q,u,a,l
unset,1035406,u,n,s,e,t
floor,53759851,f,l,o,o,r
catch,20400979,c,a,t,c,h
spade,1567565,s,p,a,d,e
stein,3893544,s,t,e,i,n
exist,25349128,e,x,i,s,t
quirk,444069,q,u,i,r,k
denim,4737554,d,e,n,i,m
grove,15189493,g,r,o,v,e
spiel,811922,s,p,i,e,l
mummy,1878933,m,u,m,m,y
fault,13112664,f,a,u,l,t
foggy,704386,f,o,g,g,y
flout,72396,f,l,o,u,t
carry,33056477,c,a,r,r,y
sneak,2280877,s,n,e,a,k
libel,866830,l,i,b,e,l
waltz,1723021,w,a,l,t,z
aptly,598371,a,p,t,l,y
piney,394672,p,i,n,e,y
inept,458533,i,n,e,p,t
aloud,3743858,a,l,o,u,d
photo,227125249,p,h,o,t,o
dream,33518573,d,r,e,a,m
stale,1065657,s,t,a,l,e
vomit,767124,v,o,m,i,t
ombre,243069,o,m,b,r,e
fanny,1516099,f,a,n,n,y
unite,2888724,u,n,i,t,e
snarl,184639,s,n,a,r,l
baker,14862470,b,a,k,e,r
there,701170205,t,h,e,r,e
glyph,632257,g,l,y,p,h
pooch,348386,p,o,o,c,h
hippy,608617,h,i,p,p,y
spell,8506049,s,p,e,l,l
folly,1367992,f,o,l,l,y
louse,178544,l,o,u,s,e
gulch,647573,g,u,l,c,h
vault,5408483,v,a,u,l,t
godly,725475,g,o,d,l,y
threw,4410853,t,h,r,e,w
fleet,10364423,f,l,e,e,t
grave,6929008,g,r,a,v,e
inane,319343,i,n,a,n,e
shock,14850388,s,h,o,c,k
crave,1199466,c,r,a,v,e
spite,4493143,s,p,i,t,e
valve,11325360,v,a,l,v,e
skimp,107336,s,k,i,m,p
claim,40085342,c,l,a,i,m
rainy,2469088,r,a,i,n,y
musty,237343,m,u,s,t,y
pique,664313,p,i,q,u,e
daddy,9211193,d,a,d,d,y
quasi,2804115,q,u,a,s,i
arise,8337093,a,r,i,s,e
aging,12014007,a,g,i,n,g
valet,2052690,v,a,l,e,t
opium,1330299,o,p,i,u,m
avert,767435,a,v,e,r,t
stuck,9120620,s,t,u,c,k
recut,146984,r,e,c,u,t
mulch,833160,m,u,l,c,h
genre,22344091,g,e,n,r,e
plume,1269109,p,l,u,m,e
rifle,5047417,r,i,f,l,e
count,40345803,c,o,u,n,t
incur,1984112,i,n,c,u,r
total,222649459,t,o,t,a,l
wrest,185267,w,r,e,s,t
mocha,933522,m,o,c,h,a
deter,1887521,d,e,t,e,r
study,152978354,s,t,u,d,y
lover,9234545,l,o,v,e,r
safer,5085040,s,a,f,e,r
rivet,616847,r,i,v,e,t
funny,34281806,f,u,n,n,y
smoke,16567733,s,m,o,k,e
mound,2259654,m,o,u,n,d
undue,1377567,u,n,d,u,e
sedan,4769270,s,e,d,a,n
pagan,3805644,p,a,g,a,n
swine,1578713,s,w,i,n,e
guile,1026260,g,u,i,l,e
gusty,202515,g,u,s,t,y
equip,4044391,e,q,u,i,p
tough,13560922,t,o,u,g,h
canoe,3790795,c,a,n,o,e
chaos,8690268,c,h,a,o,s
covet,219812,c,o,v,e,t
human,160573748,h,u,m,a,n
udder,175766,u,d,d,e,r
lunch,20807419,l,u,n,c,h
blast,9387171,b,l,a,s,t
stray,1807545,s,t,r,a,y
manga,12774174,m,a,n,g,a
melee,1034523,m,e,l,e,e
lefty,978333,l,e,f,t,y
quick,85584600,q,u,i,c,k
paste,8913055,p,a,s,t,e
given,125542966,g,i,v,e,n
octet,2280607,o,c,t,e,t
risen,2619862,r,i,s,e,n
groan,473578,g,r,o,a,n
leaky,650957,l,e,a,k,y
grind,2482307,g,r,i,n,d
carve,952422,c,a,r,v,e
loose,12556710,l,o,o,s,e
sadly,3905175,s,a,d,l,y
spilt,214786,s,p,i,l,t
apple,50551171,a,p,p,l,e
slack,1954286,s,l,a,c,k
honey,9978043,h,o,n,e,y
final,97649084,f,i,n,a,l
sheen,1124463,s,h,e,e,n
eerie,772484,e,e,r,i,e
minty,218953,m,i,n,t,y
slick,2372634,s,l,i,c,k
derby,6319608,d,e,r,b,y
wharf,2226856,w,h,a,r,f
spelt,431427,s,p,e,l,t
coach,24514961,c,o,a,c,h
erupt,300083,e,r,u,p,t
singe,106880,s,i,n,g,e
price,501651226,p,r,i,c,e
spawn,1908837,s,p,a,w,n
fairy,6435300,f,a,i,r,y
jiffy,475865,j,i,f,f,y
filmy,657205,f,i,l,m,y
stack,11090579,s,t,a,c,k
chose,9409845,c,h,o,s,e
sleep,29491537,s,l,e,e,p
ardor,155258,a,r,d,o,r
nanny,3025474,n,a,n,n,y
niece,1151039,n,i,e,c,e
woozy,72439,w,o,o,z,y
handy,7936655,h,a,n,d,y
grace,17642126,g,r,a,c,e
ditto,1386002,d,i,t,t,o
stank,100733,s,t,a,n,k
cream,25898758,c,r,e,a,m
usual,17044981,u,s,u,a,l
diode,1897828,d,i,o,d,e
valor,1193133,v,a,l,o,r
angle,17016075,a,n,g,l,e
ninja,4439780,n,i,n,j,a
muddy,1860188,m,u,d,d,y
chase,10971945,c,h,a,s,e
reply,184777992,r,e,p,l,y
prone,3001079,p,r,o,n,e
spoil,1419320,s,p,o,i,l
heart,90249265,h,e,a,r,t
shade,6996835,s,h,a,d,e
diner,2261961,d,i,n,e,r
arson,989351,a,r,s,o,n
onion,6384730,o,n,i,o,n
sleet,305148,s,l,e,e,t
dowel,285802,d,o,w,e,l
couch,4581367,c,o,u,c,h
palsy,1409502,p,a,l,s,y
bowel,2666510,b,o,w,e,l
smile,13893537,s,m,i,l,e
evoke,804417,e,v,o,k,e
creek,38159464,c,r,e,e,k
lance,5509634,l,a,n,c,e
eagle,16785232,e,a,g,l,e
idiot,4635830,i,d,i,o,t
siren,1354779,s,i,r,e,n
built,61502894,b,u,i,l,t
embed,1217930,e,m,b,e,d
award,59652161,a,w,a,r,d
dross,154345,d,r,o,s,s
annul,146490,a,n,n,u,l
goody,733518,g,o,o,d,y
frown,742356,f,r,o,w,n
patio,7627536,p,a,t,i,o
laden,5964620,l,a,d,e,n
humid,1026485,h,u,m,i,d
elite,12673836,e,l,i,t,e
lymph,1781845,l,y,m,p,h
edify,69341,e,d,i,f,y
might,123196001,m,i,g,h,t
reset,10021033,r,e,s,e,t
visit,187062316,v,i,s,i,t
gusto,512932,g,u,s,t,o
purse,5488891,p,u,r,s,e
vapor,3744912,v,a,p,o,r
crock,918524,c,r,o,c,k
write,126645151,w,r,i,t,e
sunny,9497382,s,u,n,n,y
loath,151677,l,o,a,t,h
chaff,294863,c,h,a,f,f
slide,22339084,s,l,i,d,e
queer,2717979,q,u,e,e,r
venom,1883158,v,e,n,o,m
stamp,9760468,s,t,a,m,p
sorry,35595812,s,o,r,r,y
still,190433487,s,t,i,l,l
acorn,1825652,a,c,o,r,n
aping,42534,a,p,i,n,g
pushy,255990,p,u,s,h,y
tamer,355602,t,a,m,e,r
hater,467834,h,a,t,e,r
mania,3688699,m,a,n,i,a
awoke,688520,a,w,o,k,e
brawn,191036,b,r,a,w,n
swift,5850031,s,w,i,f,t
exile,2801261,e,x,i,l,e
birch,2936180,b,i,r,c,h
lucky,14053901,l,u,c,k,y
freer,534734,f,r,e,e,r
risky,2412508,r,i,s,k,y
ghost,14490042,g,h,o,s,t
plier,260940,p,l,i,e,r
lunar,3611744,l,u,n,a,r
winch,1016374,w,i,n,c,h
snare,1311615,s,n,a,r,e
nurse,16772151,n,u,r,s,e
house,231310420,h,o,u,s,e
borax,172497,b,o,r,a,x
nicer,1239249,n,i,c,e,r
lurch,204983,l,u,r,c,h
exalt,193526,e,x,a,l,t
about,1226734006,a,b,o,u,t
savvy,3140230,s,a,v,v,y
toxin,1495922,t,o,x,i,n
tunic,727598,t,u,n,i,c
pried,82841,p,r,i,e,d
inlay,965778,i,n,l,a,y
chump,270215,c,h,u,m,p
lanky,146488,l,a,n,k,y
cress,279364,c,r,e,s,s
eater,1702828,e,a,t,e,r
elude,215496,e,l,u,d,e
cycle,29585286,c,y,c,l,e
kitty,6414935,k,i,t,t,y
boule,116726,b,o,u,l,e
moron,1017416,m,o,r,o,n
tenet,834143,t,e,n,e,t
place,220970235,p,l,a,c,e
lobby,6887477,l,o,b,b,y
plush,4692870,p,l,u,s,h
vigil,1183443,v,i,g,i,l
index,242826246,i,n,d,e,x
blink,5257629,b,l,i,n,k
clung,365864,c,l,u,n,g
qualm,34744,q,u,a,l,m
croup,149483,c,r,o,u,p
clink,164177,c,l,i,n,k
juicy,3778910,j,u,i,c,y
stage,52518330,s,t,a,g,e
decay,4956622,d,e,c,a,y
nerve,6567418,n,e,r,v,e
flier,542812,f,l,i,e,r
shaft,6431372,s,h,a,f,t
crook,1067661,c,r,o,o,k
clean,45381752,c,l,e,a,n
china,124472054,c,h,i,n,a
ridge,15993437,r,i,d,g,e
vowel,1033509,v,o,w,e,l
gnome,12609820,g,n,o,m,e
snuck,274495,s,n,u,c,k
icing,1277602,i,c,i,n,g
spiny,366114,s,p,i,n,y
rigor,513599,r,i,g,o,r
snail,1580640,s,n,a,i,l
flown,1749635,f,l,o,w,n
rabid,612676,r,a,b,i,d
prose,3085898,p,r,o,s,e
thank,63234550,t,h,a,n,k
poppy,1805254,p,o,p,p,y
budge,418361,b,u,d,g,e
fiber,15530318,f,i,b,e,r
moldy,208515,m,o,l,d,y
dowdy,161797,d,o,w,d,y
kneel,417602,k,n,e,e,l
track,112385243,t,r,a,c,k
caddy,1094377,c,a,d,d,y
quell,292803,q,u,e,l,l
dumpy,88067,d,u,m,p,y
paler,152772,p,a,l,e,r
swore,663914,s,w,o,r,e
rebar,281535,r,e,b,a,r
scuba,6366349,s,c,u,b,a
splat,350981,s,p,l,a,t
flyer,5718564,f,l,y,e,r
horny,12363955,h,o,r,n,y
mason,9461838,m,a,s,o,n
doing,80821946,d,o,i,n,g
ozone,5865280,o,z,o,n,e
amply,321480,a,m,p,l,y
molar,650262,m,o,l,a,r
ovary,1003163,o,v,a,r,y
beset,373969,b,e,s,e,t
queue,7398569,q,u,e,u,e
cliff,5898886,c,l,i,f,f
magic,36676771,m,a,g,i,c
truce,897431,t,r,u,c,e
sport,62683851,s,p,o,r,t
fritz,2309089,f,r,i,t,z
edict,382916,e,d,i,c,t
twirl,234072,t,w,i,r,l
verse,7469512,v,e,r,s,e
llama,1033922,l,l,a,m,a
eaten,3412832,e,a,t,e,n
range,128314924,r,a,n,g,e
whisk,591308,w,h,i,s,k
hovel,76694,h,o,v,e,l
rehab,6460331,r,e,h,a,b
macaw,261749,m,a,c,a,w
sigma,11864409,s,i,g,m,a
spout,905624,s,p,o,u,t
verve,1218256,v,e,r,v,e
sushi,3488691,s,u,s,h,i
dying,9123557,d,y,i,n,g
fetid,75712,f,e,t,i,d
brain,33612784,b,r,a,i,n
buddy,23611087,b,u,d,d,y
thump,456603,t,h,u,m,p
scion,2245350,s,c,i,o,n
candy,13772033,c,a,n,d,y
chord,3123447,c,h,o,r,d
basin,10544774,b,a,s,i,n
march,158281269,m,a,r,c,h
crowd,11409218,c,r,o,w,d
arbor,5057261,a,r,b,o,r
gayly,29264,g,a,y,l,y
musky,177529,m,u,s,k,y
stain,3512824,s,t,a,i,n
dally,142954,d,a,l,l,y
bless,5477461,b,l,e,s,s
bravo,2772503,b,r,a,v,o
stung,404657,s,t,u,n,g
title,196676017,t,i,t,l,e
ruler,2615554,r,u,l,e,r
kiosk,1808146,k,i,o,s,k
blond,5155053,b,l,o,n,d
ennui,145576,e,n,n,u,i
layer,26912270,l,a,y,e,r
fluid,12943336,f,l,u,i,d
tatty,130077,t,a,t,t,y
score,69315004,s,c,o,r,e
cutie,3305791,c,u,t,i,e
zebra,2902469,z,e,b,r,a
barge,1319916,b,a,r,g,e
matey,104596,m,a,t,e,y
bluer,80668,b,l,u,e,r
aider,140957,a,i,d,e,r
shook,2917411,s,h,o,o,k
river,78843808,r,i,v,e,r
privy,742055,p,r,i,v,y
betel,126006,b,e,t,e,l
frisk,152512,f,r,i,s,k
bongo,767108,b,o,n,g,o
begun,8636352,b,e,g,u,n
azure,1042257,a,z,u,r,e
weave,1965230,w,e,a,v,e
genie,1627726,g,e,n,i,e
sound,100010833,s,o,u,n,d
glove,4714578,g,l,o,v,e
braid,981945,b,r,a,i,d
scope,23349420,s,c,o,p,e
wryly,93928,w,r,y,l,y
rover,8537021,r,o,v,e,r
assay,3855224,a,s,s,a,y
ocean,31928741,o,c,e,a,n
bloom,5456938,b,l,o,o,m
irate,256072,i,r,a,t,e
later,84857974,l,a,t,e,r
woken,364304,w,o,k,e,n
silky,1749406,s,i,l,k,y
wreck,2447935,w,r,e,c,k
dwelt,512083,d,w,e,l,t
slate,3813904,s,l,a,t,e
smack,1451860,s,m,a,c,k
solid,37426444,s,o,l,i,d
amaze,791672,a,m,a,z,e
hazel,2841268,h,a,z,e,l
wrist,6143580,w,r,i,s,t
jolly,2522092,j,o,l,l,y
globe,14554904,g,l,o,b,e
flint,3230800,f,l,i,n,t
rouse,812361,r,o,u,s,e
civil,49495349,c,i,v,i,l
vista,13991160,v,i,s,t,a
relax,8856944,r,e,l,a,x
cover,94501729,c,o,v,e,r
alive,16064787,a,l,i,v,e
beech,2327119,b,e,e,c,h
jetty,765224,j,e,t,t,y
bliss,3708978,b,l,i,s,s
vocal,9082826,v,o,c,a,l
often,92551460,o,f,t,e,n
dolly,2266400,d,o,l,l,y
eight,32567724,e,i,g,h,t
joker,1492319,j,o,k,e,r
since,214302926,s,i,n,c,e
event,125515260,e,v,e,n,t
ensue,347067,e,n,s,u,e
shunt,604152,s,h,u,n,t
diver,2452406,d,i,v,e,r
poser,1361002,p,o,s,e,r
worst,16975343,w,o,r,s,t
sweep,3623863,s,w,e,e,p
alley,4541475,a,l,l,e,y
creed,3398609,c,r,e,e,d
anime,31334688,a,n,i,m,e
leafy,704018,l,e,a,f,y
bosom,712863,b,o,s,o,m
dunce,112570,d,u,n,c,e
stare,1925618,s,t,a,r,e
pudgy,89451,p,u,d,g,y
waive,1789027,w,a,i,v,e
choir,5156247,c,h,o,i,r
stood,11116275,s,t,o,o,d
spoke,11577917,s,p,o,k,e
outgo,34007,o,u,t,g,o
delay,21911190,d,e,l,a,y
bilge,412304,b,i,l,g,e
ideal,26036289,i,d,e,a,l
clasp,1354393,c,l,a,s,p
seize,1908868,s,e,i,z,e
hotly,364264,h,o,t,l,y
laugh,9822471,l,a,u,g,h
sieve,851108,s,i,e,v,e
block,49694725,b,l,o,c,k
meant,17832930,m,e,a,n,t
grape,3638159,g,r,a,p,e
noose,378201,n,o,o,s,e
hardy,4748572,h,a,r,d,y
shied,103457,s,h,i,e,d
drawl,112289,d,r,a,w,l
daisy,5124326,d,a,i,s,y
putty,1065017,p,u,t,t,y
strut,1271153,s,t,r,u,t
burnt,3221640,b,u,r,n,t
tulip,2406691,t,u,l,i,p
crick,362258,c,r,i,c,k
idyll,120651,i,d,y,l,l
vixen,885674,v,i,x,e,n
furor,177433,f,u,r,o,r
geeky,987806,g,e,e,k,y
cough,3451640,c,o,u,g,h
naive,1848489,n,a,i,v,e
shoal,435185,s,h,o,a,l
stork,728360,s,t,o,r,k
bathe,494252,b,a,t,h,e
aunty,239524,a,u,n,t,y
check,244491090,c,h,e,c,k
prime,38308402,p,r,i,m,e
brass,14298573,b,r,a,s,s
outer,11245167,o,u,t,e,r
furry,1887389,f,u,r,r,y
razor,3451657,r,a,z,o,r
elect,5748899,e,l,e,c,t
evict,211591,e,v,i,c,t
imply,4491299,i,m,p,l,y
demur,45556,d,e,m,u,r
quota,3245515,q,u,o,t,a
haven,10569212,h,a,v,e,n
cavil,27985,c,a,v,i,l
swear,3082372,s,w,e,a,r
crump,328553,c,r,u,m,p
dough,3032657,d,o,u,g,h
gavel,352668,g,a,v,e,l
wagon,5198530,w,a,g,o,n
salon,10079006,s,a,l,o,n
nudge,942601,n,u,d,g,e
harem,435962,h,a,r,e,m
pitch,9800556,p,i,t,c,h
sworn,2332355,s,w,o,r,n
pupil,4167137,p,u,p,i,l
excel,14133468,e,x,c,e,l
stony,1907651,s,t,o,n,y
cabin,8052267,c,a,b,i,n
unzip,1014009,u,n,z,i,p
queen,32366847,q,u,e,e,n
trout,5369048,t,r,o,u,t
polyp,197981,p,o,l,y,p
earth,61059905,e,a,r,t,h
storm,22242164,s,t,o,r,m
until,113090086,u,n,t,i,l
taper,1294069,t,a,p,e,r
enter,119394206,e,n,t,e,r
child,119747393,c,h,i,l,d
adopt,11272339,a,d,o,p,t
minor,29782623,m,i,n,o,r
fatty,5363547,f,a,t,t,y
husky,1606901,h,u,s,k,y
brave,5221356,b,r,a,v,e
filet,550472,f,i,l,e,t
slime,869502,s,l,i,m,e
glint,272373,g,l,i,n,t
tread,1672572,t,r,e,a,d
steal,6257493,s,t,e,a,l
regal,2236787,r,e,g,a,l
guest,55293215,g,u,e,s,t
every,189325890,e,v,e,r,y
murky,532036,m,u,r,k,y
share,119294241,s,h,a,r,e
spore,589081,s,p,o,r,e
hoist,905107,h,o,i,s,t
buxom,237464,b,u,x,o,m
inner,17552078,i,n,n,e,r
otter,1662335,o,t,t,e,r
dimly,342692,d,i,m,l,y
level,202563642,l,e,v,e,l
sumac,181045,s,u,m,a,c
donut,836168,d,o,n,u,t
stilt,188393,s,t,i,l,t
arena,13966572,a,r,e,n,a
sheet,44295187,s,h,e,e,t
scrub,2360299,s,c,r,u,b
fancy,8777135,f,a,n,c,y
slimy,346686,s,l,i,m,y
pearl,18707334,p,e,a,r,l
silly,6833654,s,i,l,l,y
porch,3420626,p,o,r,c,h
dingo,420174,d,i,n,g,o
sepia,741438,s,e,p,i,a
amble,141586,a,m,b,l,e
shady,2059463,s,h,a,d,y
bread,13575360,b,r,e,a,d
friar,422181,f,r,i,a,r
reign,3505605,r,e,i,g,n
dairy,8781961,d,a,i,r,y
quill,790160,q,u,i,l,l
cross,74230978,c,r,o,s,s
brood,1042305,b,r,o,o,d
tuber,243798,t,u,b,e,r
shear,2886210,s,h,e,a,r
posit,292597,p,o,s,i,t
blank,18150537,b,l,a,n,k
villa,17587586,v,i,l,l,a
shank,1311484,s,h,a,n,k
piggy,1053871,p,i,g,g,y
freak,3908219,f,r,e,a,k
which,810514085,w,h,i,c,h
among,83431590,a,m,o,n,g
fecal,1032064,f,e,c,a,l
shell,20599318,s,h,e,l,l
would,572644147,w,o,u,l,d
algae,2068644,a,l,g,a,e
large,165863763,l,a,r,g,e
rabbi,3488700,r,a,b,b,i
agony,1543205,a,g,o,n,y
amuse,554922,a,m,u,s,e
bushy,445882,b,u,s,h,y
copse,90567,c,o,p,s,e
swoon,248694,s,w,o,o,n
knife,11297715,k,n,i,f,e
pouch,4023912,p,o,u,c,h
ascot,888745,a,s,c,o,t
plane,17799728,p,l,a,n,e
crown,16651038,c,r,o,w,n
urban,38087999,u,r,b,a,n
snide,238032,s,n,i,d,e
relay,9275052,r,e,l,a,y
abide,3722809,a,b,i,d,e
viola,2458792,v,i,o,l,a
rajah,157089,r,a,j,a,h
straw,3958211,s,t,r,a,w
dilly,161256,d,i,l,l,y
crash,15302627,c,r,a,s,h
amass,181774,a,m,a,s,s
third,95489240,t,h,i,r,d
trick,8208473,t,r,i,c,k
tutor,4635949,t,u,t,o,r
woody,4355633,w,o,o,d,y
blurb,776249,b,l,u,r,b
grief,4552843,g,r,i,e,f
disco,7067687,d,i,s,c,o
where,360468339,w,h,e,r,e
sassy,1657970,s,a,s,s,y
beach,105642682,b,e,a,c,h
sauna,4202256,s,a,u,n,a
comic,16695850,c,o,m,i,c
clued,125391,c,l,u,e,d
creep,1811981,c,r,e,e,p
caste,1166877,c,a,s,t,e
graze,364990,g,r,a,z,e
snuff,861230,s,n,u,f,f
frock,185379,f,r,o,c,k
gonad,95676,g,o,n,a,d
drunk,10519219,d,r,u,n,k
prong,1059042,p,r,o,n,g
lurid,226354,l,u,r,i,d
steel,49452604,s,t,e,e,l
halve,240290,h,a,l,v,e
buyer,42024703,b,u,y,e,r
vinyl,17009819,v,i,n,y,l
utile,287546,u,t,i,l,e
smell,6642666,s,m,e,l,l
adage,419158,a,d,a,g,e
worry,13243591,w,o,r,r,y
tasty,3565676,t,a,s,t,y
local,270742935,l,o,c,a,l
trade,110086585,t,r,a,d,e
finch,1816047,f,i,n,c,h
ashen,184747,a,s,h,e,n
modal,1718570,m,o,d,a,l
gaunt,338487,g,a,u,n,t
clove,698870,c,l,o,v,e
enact,1263603,e,n,a,c,t
adorn,464591,a,d,o,r,n
roast,3205415,r,o,a,s,t
speck,757962,s,p,e,c,k
sheik,596893,s,h,e,i,k
missy,1925451,m,i,s,s,y
grunt,616546,g,r,u,n,t
snoop,2787168,s,n,o,o,p
party,144707500,p,a,r,t,y
touch,36831035,t,o,u,c,h
mafia,2666020,m,a,f,i,a
emcee,294621,e,m,c,e,e
array,25150016,a,r,r,a,y
south,238581133,s,o,u,t,h
vapid,110502,v,a,p,i,d
jelly,3698541,j,e,l,l,y
skulk,24018,s,k,u,l,k
angst,1232364,a,n,g,s,t
tubal,566730,t,u,b,a,l
lower,72606927,l,o,w,e,r
crest,5477034,c,r,e,s,t
sweat,4551615,s,w,e,a,t
cyber,9289150,c,y,b,e,r
adore,1176240,a,d,o,r,e
tardy,303140,t,a,r,d,y
swami,900023,s,w,a,m,i
notch,3302495,n,o,t,c,h
groom,2637912,g,r,o,o,m
roach,3017586,r,o,a,c,h
hitch,2730000,h,i,t,c,h
young,136341684,y,o,u,n,g
align,5478643,a,l,i,g,n
ready,62667516,r,e,a,d,y
frond,86555,f,r,o,n,d
strap,11414669,s,t,r,a,p
puree,438733,p,u,r,e,e
realm,6122762,r,e,a,l,m
venue,14204074,v,e,n,u,e
swarm,1158175,s,w,a,r,m
offer,126228968,o,f,f,e,r
seven,44224906,s,e,v,e,n
dryer,5592001,d,r,y,e,r
diary,14922472,d,i,a,r,y
dryly,96792,d,r,y,l,y
drank,1777243,d,r,a,n,k
acrid,104638,a,c,r,i,d
heady,434375,h,e,a,d,y
theta,5070673,t,h,e,t,a
junto,128329,j,u,n,t,o
pixie,1037554,p,i,x,i,e
quoth,282770,q,u,o,t,h
bonus,27819488,b,o,n,u,s
shalt,1854326,s,h,a,l,t
penne,400010,p,e,n,n,e
amend,7806844,a,m,e,n,d
datum,2226219,d,a,t,u,m
build,77203075,b,u,i,l,d
piano,19419956,p,i,a,n,o
shelf,11287023,s,h,e,l,f
lodge,21541130,l,o,d,g,e
suing,816011,s,u,i,n,g
rearm,45604,r,e,a,r,m
coral,8818272,c,o,r,a,l
ramen,373754,r,a,m,e,n
worth,48075237,w,o,r,t,h
psalm,2220027,p,s,a,l,m
infer,1104540,i,n,f,e,r
overt,871540,o,v,e,r,t
mayor,15030847,m,a,y,o,r
ovoid,105072,o,v,o,i,d
glide,1731344,g,l,i,d,e
usage,25440406,u,s,a,g,e
poise,339263,p,o,i,s,e
randy,8110369,r,a,n,d,y
chuck,9574825,c,h,u,c,k
prank,825027,p,r,a,n,k
fishy,658490,f,i,s,h,y
tooth,5551049,t,o,o,t,h
ether,1877315,e,t,h,e,r
drove,5545848,d,r,o,v,e
idler,358013,i,d,l,e,r
swath,438339,s,w,a,t,h
stint,855795,s,t,i,n,t
while,226194991,w,h,i,l,e
begat,191296,b,e,g,a,t
apply,76341478,a,p,p,l,y
slang,1817718,s,l,a,n,g
tarot,3561389,t,a,r,o,t
radar,14982375,r,a,d,a,r
credo,446499,c,r,e,d,o
aware,25700328,a,w,a,r,e
canon,41144763,c,a,n,o,n
shift,19811555,s,h,i,f,t
timer,7488669,t,i,m,e,r
bylaw,1070798,b,y,l,a,w
serum,5854942,s,e,r,u,m
three,223417394,t,h,r,e,e
steak,4413680,s,t,e,a,k
iliac,181298,i,l,i,a,c
shirk,194196,s,h,i,r,k
blunt,4129800,b,l,u,n,t
puppy,6662287,p,u,p,p,y
penal,1467202,p,e,n,a,l
joist,194739,j,o,i,s,t
bunny,5730050,b,u,n,n,y
shape,25675227,s,h,a,p,e
beget,119815,b,e,g,e,t
wheel,25342937,w,h,e,e,l
adept,1595303,a,d,e,p,t
stunt,1754828,s,t,u,n,t
stole,2814273,s,t,o,l,e
topaz,2348935,t,o,p,a,z
chore,565322,c,h,o,r,e
fluke,1168887,f,l,u,k,e
afoot,364417,a,f,o,o,t
bloat,315923,b,l,o,a,t
bully,1532418,b,u,l,l,y
dense,5225392,d,e,n,s,e
caper,485193,c,a,p,e,r
sneer,203583,s,n,e,e,r
boxer,3592432,b,o,x,e,r
jumbo,3237095,j,u,m,b,o
lunge,199129,l,u,n,g,e
space,121505269,s,p,a,c,e
avail,3902711,a,v,a,i,l
short,106755242,s,h,o,r,t
slurp,495920,s,l,u,r,p
loyal,4498834,l,o,y,a,l
flirt,1817719,f,l,i,r,t
pizza,14763787,p,i,z,z,a
conch,379190,c,o,n,c,h
tempo,3372997,t,e,m,p,o
droop,156194,d,r,o,o,p
plate,24275560,p,l,a,t,e
bible,45080741,b,i,b,l,e
plunk,106835,p,l,u,n,k
afoul,159727,a,f,o,u,l
savoy,1246516,s,a,v,o,y
steep,3399504,s,t,e,e,p
agile,1808955,a,g,i,l,e
stake,5061965,s,t,a,k,e
dwell,2014411,d,w,e,l,l
knave,149542,k,n,a,v,e
beard,3166516,b,e,a,r,d
arose,2609029,a,r,o,s,e
motif,2961524,m,o,t,i,f
smash,3192001,s,m,a,s,h
broil,479526,b,r,o,i,l
glare,1567097,g,l,a,r,e
shove,847364,s,h,o,v,e
baggy,419677,b,a,g,g,y
mammy,145805,m,a,m,m,y
swamp,2575587,s,w,a,m,p
along,83444756,a,l,o,n,g
rugby,12992179,r,u,g,b,y
wager,1366964,w,a,g,e,r
quack,484886,q,u,a,c,k
squat,925062,s,q,u,a,t
snaky,18580,s,n,a,k,y
debit,4633794,d,e,b,i,t
mange,250483,m,a,n,g,e
skate,4932092,s,k,a,t,e
ninth,4390562,n,i,n,t,h
joust,160309,j,o,u,s,t
tramp,1087707,t,r,a,m,p
spurn,79323,s,p,u,r,n
medal,7747036,m,e,d,a,l
micro,22219932,m,i,c,r,o
rebel,6527810,r,e,b,e,l
flank,910609,f,l,a,n,k
learn,179428286,l,e,a,r,n
nadir,353146,n,a,d,i,r
maple,9704551,m,a,p,l,e
comfy,1245404,c,o,m,f,y
remit,1111713,r,e,m,i,t
gruff,237505,g,r,u,f,f
ester,1581770,e,s,t,e,r
least,111229798,l,e,a,s,t
mogul,753098,m,o,g,u,l
fetch,2897593,f,e,t,c,h
cause,65904680,c,a,u,s,e
oaken,69075,o,a,k,e,n
aglow,110328,a,g,l,o,w
meaty,395095,m,e,a,t,y
gaffe,132748,g,a,f,f,e
shyly,213165,s,h,y,l,y
racer,3625077,r,a,c,e,r
prowl,343421,p,r,o,w,l
thief,2970770,t,h,i,e,f
stern,4643592,s,t,e,r,n
poesy,62166,p,o,e,s,y
rocky,10404321,r,o,c,k,y
tweet,168757,t,w,e,e,t
waist,5013500,w,a,i,s,t
spire,725421,s,p,i,r,e
grope,160148,g,r,o,p,e
havoc,1692191,h,a,v,o,c
patsy,1064602,p,a,t,s,y
truly,21693553,t,r,u,l,y
forty,7415064,f,o,r,t,y
deity,1262430,d,e,i,t,y
uncle,8127694,u,n,c,l,e
swish,949054,s,w,i,s,h
giver,698546,g,i,v,e,r
preen,73524,p,r,e,e,n
bevel,571985,b,e,v,e,l
lemur,287912,l,e,m,u,r
draft,35033621,d,r,a,f,t
slope,6469975,s,l,o,p,e
annoy,1497815,a,n,n,o,y
lingo,1055245,l,i,n,g,o
bleak,1088632,b,l,e,a,k
ditty,281979,d,i,t,t,y
curly,2231026,c,u,r,l,y
cedar,9484993,c,e,d,a,r
dirge,384505,d,i,r,g,e
grown,13931521,g,r,o,w,n
horde,3026646,h,o,r,d,e
drool,539170,d,r,o,o,l
shuck,116293,s,h,u,c,k
crypt,1904607,c,r,y,p,t
cumin,612220,c,u,m,i,n
stock,176295589,s,t,o,c,k
gravy,1441099,g,r,a,v,y
locus,3009222,l,o,c,u,s
wider,8186703,w,i,d,e,r
breed,7716901,b,r,e,e,d
quite,58777731,q,u,i,t,e
chafe,118832,c,h,a,f,e
cache,17250923,c,a,c,h,e
blimp,263458,b,l,i,m,p
deign,94806,d,e,i,g,n
fiend,670385,f,i,e,n,d
logic,23989892,l,o,g,i,c
cheap,97049762,c,h,e,a,p
elide,23795,e,l,i,d,e
rigid,4240019,r,i,g,i,d
false,33476460,f,a,l,s,e
renal,4494106,r,e,n,a,l
pence,1009358,p,e,n,c,e
rowdy,510507,r,o,w,d,y
shoot,12695618,s,h,o,o,t
blaze,2448412,b,l,a,z,e
envoy,1574245,e,n,v,o,y
posse,1038358,p,o,s,s,e
brief,32599674,b,r,i,e,f
never,149556758,n,e,v,e,r
abort,1569892,a,b,o,r,t
mouse,33667003,m,o,u,s,e
mucky,111308,m,u,c,k,y
sulky,156355,s,u,l,k,y
fiery,1838655,f,i,e,r,y
media,216432510,m,e,d,i,a
trunk,11020361,t,r,u,n,k
yeast,6083904,y,e,a,s,t
clear,88447610,c,l,e,a,r
skunk,937406,s,k,u,n,k
scalp,1356840,s,c,a,l,p
bitty,409188,b,i,t,t,y
cider,1743446,c,i,d,e,r
koala,922217,k,o,a,l,a
duvet,1567578,d,u,v,e,t
segue,234120,s,e,g,u,e
creme,1724183,c,r,e,m,e
super,66703287,s,u,p,e,r
grill,10254124,g,r,i,l,l
after,372948094,a,f,t,e,r
owner,58189056,o,w,n,e,r
ember,488846,e,m,b,e,r
reach,35687918,r,e,a,c,h
nobly,118764,n,o,b,l,y
empty,26206017,e,m,p,t,y
speed,83135749,s,p,e,e,d
gipsy,387772,g,i,p,s,y
recur,378119,r,e,c,u,r
smock,220361,s,m,o,c,k
dread,1649823,d,r,e,a,d
merge,5961585,m,e,r,g,e
burst,5147573,b,u,r,s,t
kappa,2793667,k,a,p,p,a
amity,540428,a,m,i,t,y
shaky,766843,s,h,a,k,y
hover,1553261,h,o,v,e,r
carol,11109404,c,a,r,o,l
snort,1522943,s,n,o,r,t
synod,1095269,s,y,n,o,d
faint,2565744,f,a,i,n,t
haunt,985188,h,a,u,n,t
flour,5162842,f,l,o,u,r
chair,40764005,c,h,a,i,r
detox,2297343,d,e,t,o,x
shrew,382770,s,h,r,e,w
tense,2320926,t,e,n,s,e
plied,243191,p,l,i,e,d
quark,2286617,q,u,a,r,k
burly,250632,b,u,r,l,y
novel,21821189,n,o,v,e,l
waxen,31767,w,a,x,e,n
stoic,272080,s,t,o,i,c
jerky,763325,j,e,r,k,y
blitz,2476009,b,l,i,t,z
beefy,366863,b,e,e,f,y
lyric,6970278,l,y,r,i,c
hussy,85775,h,u,s,s,y
towel,4901668,t,o,w,e,l
quilt,5187075,q,u,i,l,t
below,145701629,b,e,l,o,w
bingo,9539002,b,i,n,g,o
wispy,119494,w,i,s,p,y
brash,461753,b,r,a,s,h
scone,213031,s,c,o,n,e
toast,3262695,t,o,a,s,t
easel,791426,e,a,s,e,l
saucy,474568,s,a,u,c,y
value,182061247,v,a,l,u,e
spice,7120274,s,p,i,c,e
honor,16787246,h,o,n,o,r
route,31439231,r,o,u,t,e
sharp,24904199,s,h,a,r,p
bawdy,160667,b,a,w,d,y
radii,575939,r,a,d,i,i
skull,4457991,s,k,u,l,l
phony,765758,p,h,o,n,y
issue,128427156,i,s,s,u,e
lager,1050146,l,a,g,e,r
swell,2213445,s,w,e,l,l
urine,4903932,u,r,i,n,e
gassy,63283,g,a,s,s,y
trial,56547673,t,r,i,a,l
flora,4756211,f,l,o,r,a
upper,38341510,u,p,p,e,r
latch,1777882,l,a,t,c,h
wight,2190271,w,i,g,h,t
brick,8094369,b,r,i,c,k
retry,916420,r,e,t,r,y
holly,6834032,h,o,l,l,y
decal,2311933,d,e,c,a,l
grass,12868953,g,r,a,s,s
shack,2739743,s,h,a,c,k
dogma,1016614,d,o,g,m,a
mover,2309084,m,o,v,e,r
defer,1207925,d,e,f,e,r
sober,1672710,s,o,b,e,r
optic,4558869,o,p,t,i,c
crier,374599,c,r,i,e,r
vying,348440,v,y,i,n,g
nomad,1422041,n,o,m,a,d
flute,4090740,f,l,u,t,e
hippo,1146063,h,i,p,p,o
shark,5904454,s,h,a,r,k
drier,679179,d,r,i,e,r
obese,1673406,o,b,e,s,e
bugle,583867,b,u,g,l,e
tawny,602308,t,a,w,n,y
chalk,2498505,c,h,a,l,k
feast,4166016,f,e,a,s,t
ruddy,387590,r,u,d,d,y
pedal,3763705,p,e,d,a,l
scarf,3181107,s,c,a,r,f
cruel,4180956,c,r,u,e,l
bleat,144793,b,l,e,a,t
tidal,2268649,t,i,d,a,l
slush,389608,s,l,u,s,h
semen,1553302,s,e,m,e,n
windy,2162674,w,i,n,d,y
dusty,2339959,d,u,s,t,y
sally,5933047,s,a,l,l,y
igloo,397625,i,g,l,o,o
nerdy,431324,n,e,r,d,y
jewel,5603871,j,e,w,e,l
shone,704369,s,h,o,n,e
whale,5928569,w,h,a,l,e
hymen,341598,h,y,m,e,n
abuse,36269685,a,b,u,s,e
fugue,400733,f,u,g,u,e
elbow,3484326,e,l,b,o,w
crumb,673404,c,r,u,m,b
pansy,420775,p,a,n,s,y
welsh,7346867,w,e,l,s,h
syrup,3108136,s,y,r,u,p
terse,287692,t,e,r,s,e
suave,336960,s,u,a,v,e
gamut,553397,g,a,m,u,t
swung,867135,s,w,u,n,g
drake,4373046,d,r,a,k,e
freed,2683280,f,r,e,e,d
afire,113772,a,f,i,r,e
shirt,40501964,s,h,i,r,t
grout,628986,g,r,o,u,t
oddly,1385252,o,d,d,l,y
tithe,359291,t,i,t,h,e
plaid,1679093,p,l,a,i,d
dummy,3230609,d,u,m,m,y
broom,1312361,b,r,o,o,m
blind,16485480,b,l,i,n,d
torch,3360286,t,o,r,c,h
enemy,14084182,e,n,e,m,y
again,150781416,a,g,a,i,n
tying,1898217,t,y,i,n,g
pesky,619402,p,e,s,k,y
alter,7831337,a,l,t,e,r
gazer,129741,g,a,z,e,r
noble,12604679,n,o,b,l,e
ethos,946491,e,t,h,o,s
bride,8650665,b,r,i,d,e
extol,149713,e,x,t,o,l
decor,12098868,d,e,c,o,r
hobby,8237250,h,o,b,b,y
beast,14787561,b,e,a,s,t
idiom,554390,i,d,i,o,m
utter,2096533,u,t,t,e,r
these,541003982,t,h,e,s,e
sixth,9920054,s,i,x,t,h
alarm,17059844,a,l,a,r,m
erase,3086642,e,r,a,s,e
elegy,295636,e,l,e,g,y
spunk,404915,s,p,u,n,k
piper,3346631,p,i,p,e,r
scaly,272847,s,c,a,l,y
scold,170208,s,c,o,l,d
hefty,905281,h,e,f,t,y
chick,7771502,c,h,i,c,k
sooty,220245,s,o,o,t,y
canal,8278196,c,a,n,a,l
whiny,225341,w,h,i,n,y
slash,2935535,s,l,a,s,h
quake,4544481,q,u,a,k,e
joint,38827057,j,o,i,n,t
swept,2612095,s,w,e,p,t
prude,93351,p,r,u,d,e
heavy,37668153,h,e,a,v,y
wield,419233,w,i,e,l,d
femme,2521124,f,e,m,m,e
lasso,573529,l,a,s,s,o
maize,2222076,m,a,i,z,e
shale,769742,s,h,a,l,e
screw,8177263,s,c,r,e,w
spree,1218040,s,p,r,e,e
smoky,1818184,s,m,o,k,y
whiff,246582,w,h,i,f,f
scent,3277212,s,c,e,n,t
glade,1168016,g,l,a,d,e
spent,29719451,s,p,e,n,t
prism,2648058,p,r,i,s,m
stoke,2552684,s,t,o,k,e
riper,74056,r,i,p,e,r
orbit,5389062,o,r,b,i,t
cocoa,3557169,c,o,c,o,a
guilt,3623942,g,u,i,l,t
humus,186734,h,u,m,u,s
shush,60031,s,h,u,s,h
table,165341452,t,a,b,l,e
smirk,403780,s,m,i,r,k
wrong,49156828,w,r,o,n,g
noisy,3722908,n,o,i,s,y
alert,32472727,a,l,e,r,t
shiny,3192674,s,h,i,n,y
elate,16161,e,l,a,t,e
resin,4966700,r,e,s,i,n
whole,85202530,w,h,o,l,e
hunch,327195,h,u,n,c,h
pixel,8813200,p,i,x,e,l
polar,7715471,p,o,l,a,r
hotel,297974790,h,o,t,e,l
sword,8835685,s,w,o,r,d
cleat,371970,c,l,e,a,t
mango,2171900,m,a,n,g,o
rumba,404980,r,u,m,b,a
puffy,3488647,p,u,f,f,y
filly,499537,f,i,l,l,y
billy,13515249,b,i,l,l,y
leash,1310125,l,e,a,s,h
clout,639706,c,l,o,u,t
dance,51147967,d,a,n,c,e
ovate,143727,o,v,a,t,e
facet,1221287,f,a,c,e,t
chili,4553187,c,h,i,l,i
paint,21926890,p,a,i,n,t
liner,4486145,l,i,n,e,r
curio,506765,c,u,r,i,o
salty,1196416,s,a,l,t,y
audio,127014703,a,u,d,i,o
snake,7606395,s,n,a,k,e
fable,1678751,f,a,b,l,e
cloak,1450056,c,l,o,a,k
navel,1503077,n,a,v,e,l
spurt,325911,s,p,u,r,t
pesto,521625,p,e,s,t,o
balmy,210906,b,a,l,m,y
flash,68391647,f,l,a,s,h
unwed,125824,u,n,w,e,d
early,100013194,e,a,r,l,y
churn,694218,c,h,u,r,n
weedy,160228,w,e,e,d,y
stump,1357079,s,t,u,m,p
lease,17180592,l,e,a,s,e
witty,1753886,w,i,t,t,y
wimpy,258895,w,i,m,p,y
spoof,907481,s,p,o,o,f
saner,84491,s,a,n,e,r
blend,9680982,b,l,e,n,d
salsa,4234056,s,a,l,s,a
thick,14030556,t,h,i,c,k
warty,111349,w,a,r,t,y
manic,1448525,m,a,n,i,c
blare,49365,b,l,a,r,e
squib,112968,s,q,u,i,b
spoon,4000406,s,p,o,o,n
probe,9643801,p,r,o,b,e
crepe,768351,c,r,e,p,e
knack,616898,k,n,a,c,k
force,79199815,f,o,r,c,e
debut,7220643,d,e,b,u,t
order,336631187,o,r,d,e,r
haste,1059853,h,a,s,t,e
teeth,9769437,t,e,e,t,h
agent,57103658,a,g,e,n,t
widen,1178278,w,i,d,e,n
icily,21127,i,c,i,l,y
slice,4628779,s,l,i,c,e
ingot,234052,i,n,g,o,t
clash,3531117,c,l,a,s,h
juror,837876,j,u,r,o,r
blood,61348302,b,l,o,o,d
abode,1246541,a,b,o,d,e
throw,15751985,t,h,r,o,w
unity,8657709,u,n,i,t,y
pivot,1734444,p,i,v,o,t
slept,2370802,s,l,e,p,t
troop,2609404,t,r,o,o,p
spare,10009522,s,p,a,r,e
sewer,5008805,s,e,w,e,r
parse,3698919,p,a,r,s,e
morph,759670,m,o,r,p,h
cacti,478989,c,a,c,t,i
tacky,519106,t,a,c,k,y
spool,1499516,s,p,o,o,l
demon,4602331,d,e,m,o,n
moody,3776452,m,o,o,d,y
annex,8465905,a,n,n,e,x
begin,45434902,b,e,g,i,n
fuzzy,5241931,f,u,z,z,y
patch,39999745,p,a,t,c,h
water,215178488,w,a,t,e,r
lumpy,296904,l,u,m,p,y
admin,37835381,a,d,m,i,n
omega,10289113,o,m,e,g,a
limit,38290292,l,i,m,i,t
tabby,504455,t,a,b,b,y
macho,797523,m,a,c,h,o
aisle,1917319,a,i,s,l,e
skiff,281833,s,k,i,f,f
basis,59901425,b,a,s,i,s
plank,1265284,p,l,a,n,k
verge,1422550,v,e,r,g,e
botch,92410,b,o,t,c,h
crawl,2859784,c,r,a,w,l
lousy,1095083,l,o,u,s,y
slain,1281084,s,l,a,i,n
cubic,5774261,c,u,b,i,c
raise,21099943,r,a,i,s,e
wrack,68820,w,r,a,c,k
guide,213378807,g,u,i,d,e
foist,55908,f,o,i,s,t
cameo,1517437,c,a,m,e,o
under,313296421,u,n,d,e,r
actor,16282891,a,c,t,o,r
revue,1290094,r,e,v,u,e
fraud,15378751,f,r,a,u,d
harpy,107008,h,a,r,p,y
scoop,5272369,s,c,o,o,p
climb,5697476,c,l,i,m,b
refer,27099706,r,e,f,e,r
olden,318215,o,l,d,e,n
clerk,11923960,c,l,e,r,k
debar,52384,d,e,b,a,r
tally,1812605,t,a,l,l,y
ethic,1333320,e,t,h,i,c
cairn,688283,c,a,i,r,n
tulle,336799,t,u,l,l,e
ghoul,247064,g,h,o,u,l
hilly,511265,h,i,l,l,y
crude,5119129,c,r,u,d,e
apart,16507181,a,p,a,r,t
scale,46307526,s,c,a,l,e
older,44222089,o,l,d,e,r
plain,23747230,p,l,a,i,n
sperm,5944531,s,p,e,r,m
briny,66915,b,r,i,n,y
abbot,992552,a,b,b,o,t
rerun,763880,r,e,r,u,n
quest,14258533,q,u,e,s,t
crisp,3880385,c,r,i,s,p
bound,22303643,b,o,u,n,d
befit,31021,b,e,f,i,t
drawn,14827380,d,r,a,w,n
suite,44829675,s,u,i,t,e
itchy,1181967,i,t,c,h,y
cheer,3648929,c,h,e,e,r
bagel,792721,b,a,g,e,l
guess,28743465,g,u,e,s,s
broad,21370126,b,r,o,a,d
axiom,1495473,a,x,i,o,m
chard,459373,c,h,a,r,d
caput,105633,c,a,p,u,t
leant,101406,l,e,a,n,t
harsh,4087715,h,a,r,s,h
curse,3982181,c,u,r,s,e
proud,17167504,p,r,o,u,d
swing,12734467,s,w,i,n,g
opine,103450,o,p,i,n,e
taste,17311343,t,a,s,t,e
lupus,1538621,l,u,p,u,s
gumbo,467464,g,u,m,b,o
miner,2264812,m,i,n,e,r
green,108287905,g,r,e,e,n
chasm,517410,c,h,a,s,m
lipid,2662396,l,i,p,i,d
topic,149001702,t,o,p,i,c
armor,6001844,a,r,m,o,r
brush,10018684,b,r,u,s,h
crane,4888961,c,r,a,n,e
mural,1367338,m,u,r,a,l
abled,122479,a,b,l,e,d
habit,4880657,h,a,b,i,t
bossy,163576,b,o,s,s,y
maker,16635947,m,a,k,e,r
dusky,390563,d,u,s,k,y
dizzy,1424316,d,i,z,z,y
lithe,135670,l,i,t,h,e
brook,6044943,b,r,o,o,k
jazzy,849457,j,a,z,z,y
fifty,8133138,f,i,f,t,y
sense,52629633,s,e,n,s,e
giant,17098874,g,i,a,n,t
surly,372213,s,u,r,l,y
legal,142048771,l,e,g,a,l
fatal,6779744,f,a,t,a,l
flunk,79790,f,l,u,n,k
began,38269468,b,e,g,a,n
prune,688443,p,r,u,n,e
small,208371878,s,m,a,l,l
slant,1313083,s,l,a,n,t
scoff,177728,s,c,o,f,f
torus,509986,t,o,r,u,s
ninny,38726,n,i,n,n,y
covey,720367,c,o,v,e,y
viper,2201559,v,i,p,e,r
taken,87019836,t,a,k,e,n
moral,13643598,m,o,r,a,l
vogue,2159792,v,o,g,u,e
owing,2399321,o,w,i,n,g
token,5672353,t,o,k,e,n
entry,80717798,e,n,t,r,y
booth,7723310,b,o,o,t,h
voter,4905374,v,o,t,e,r
chide,66368,c,h,i,d,e
elfin,168528,e,l,f,i,n
ebony,14831025,e,b,o,n,y
neigh,211412,n,e,i,g,h
minim,165667,m,i,n,i,m
melon,1355214,m,e,l,o,n
kneed,71162,k,n,e,e,d
decoy,514956,d,e,c,o,y
voila,506278,v,o,i,l,a
ankle,4146793,a,n,k,l,e
arrow,11563142,a,r,r,o,w
mushy,275321,m,u,s,h,y
tribe,7890695,t,r,i,b,e
cease,4081957,c,e,a,s,e
eager,4175668,e,a,g,e,r
birth,36286070,b,i,r,t,h
graph,15526746,g,r,a,p,h
odder,60826,o,d,d,e,r
terra,3747696,t,e,r,r,a
weird,11556427,w,e,i,r,d
tried,34201786,t,r,i,e,d
clack,246726,c,l,a,c,k
color,112965658,c,o,l,o,r
rough,11557184,r,o,u,g,h
weigh,3587993,w,e,i,g,h
uncut,3929056,u,n,c,u,t
ladle,372653,l,a,d,l,e
strip,18711440,s,t,r,i,p
craft,16528294,c,r,a,f,t
minus,7025364,m,i,n,u,s
dicey,161963,d,i,c,e,y
titan,3974407,t,i,t,a,n
lucid,1105349,l,u,c,i,d
vicar,825292,v,i,c,a,r
dress,27318959,d,r,e,s,s
ditch,2373753,d,i,t,c,h
gypsy,2201227,g,y,p,s,y
pasta,5855460,p,a,s,t,a
taffy,411033,t,a,f,f,y
flame,8527495,f,l,a,m,e
swoop,467481,s,w,o,o,p
aloof,294291,a,l,o,o,f
sight,13360499,s,i,g,h,t
broke,10460811,b,r,o,k,e
teary,137396,t,e,a,r,y
chart,35027490,c,h,a,r,t
sixty,4851534,s,i,x,t,y
wordy,180947,w,o,r,d,y
sheer,6684477,s,h,e,e,r
leper,200592,l,e,p,e,r
nosey,132182,n,o,s,e,y
bulge,881613,b,u,l,g,e
savor,506115,s,a,v,o,r
clamp,3639509,c,l,a,m,p
funky,5587279,f,u,n,k,y
foamy,226531,f,o,a,m,y
toxic,9065369,t,o,x,i,c
brand,82807581,b,r,a,n,d
plumb,631703,p,l,u,m,b
dingy,255349,d,i,n,g,y
butte,2505600,b,u,t,t,e
drill,8248787,d,r,i,l,l
tripe,215448,t,r,i,p,e
bicep,162754,b,i,c,e,p
tenor,2361385,t,e,n,o,r
krill,208654,k,r,i,l,l
worse,15677739,w,o,r,s,e
drama,20939845,d,r,a,m,a
hyena,268889,h,y,e,n,a
think,217856550,t,h,i,n,k
ratio,26457942,r,a,t,i,o
cobra,4412823,c,o,b,r,a
basil,2757419,b,a,s,i,l
scrum,425870,s,c,r,u,m
bused,62772,b,u,s,e,d
phone,256643812,p,h,o,n,e
court,127719981,c,o,u,r,t
camel,11005001,c,a,m,e,l
proof,26305059,p,r,o,o,f
heard,45436523,h,e,a,r,d
angel,25294123,a,n,g,e,l
petal,895903,p,e,t,a,l
pouty,69818,p,o,u,t,y
throb,212889,t,h,r,o,b
maybe,51895609,m,a,y,b,e
fetal,3127968,f,e,t,a,l
sprig,143773,s,p,r,i,g
spine,5370074,s,p,i,n,e
shout,3965861,s,h,o,u,t
cadet,1717624,c,a,d,e,t
macro,9885853,m,a,c,r,o
dodgy,571643,d,o,d,g,y
satyr,136838,s,a,t,y,r
rarer,296244,r,a,r,e,r
binge,850412,b,i,n,g,e
trend,15747018,t,r,e,n,d
nutty,686428,n,u,t,t,y
leapt,411241,l,e,a,p,t
amiss,271389,a,m,i,s,s
split,19998411,s,p,l,i,t
myrrh,294893,m,y,r,r,h
width,25182453,w,i,d,t,h
sonar,1341822,s,o,n,a,r
tower,20686918,t,o,w,e,r
baron,3504549,b,a,r,o,n
fever,8582665,f,e,v,e,r
waver,217064,w,a,v,e,r
spark,4842423,s,p,a,r,k
belie,103562,b,e,l,i,e
sloop,295505,s,l,o,o,p
expel,467751,e,x,p,e,l
smote,276278,s,m,o,t,e
baler,153800,b,a,l,e,r
above,141894620,a,b,o,v,e
north,217809513,n,o,r,t,h
wafer,1554217,w,a,f,e,r
scant,543285,s,c,a,n,t
frill,99652,f,r,i,l,l
awash,274221,a,w,a,s,h
snack,3847152,s,n,a,c,k
scowl,115386,s,c,o,w,l
frail,696174,f,r,a,i,l
drift,3889505,d,r,i,f,t
limbo,847468,l,i,m,b,o
fence,6796605,f,e,n,c,e
motel,9170238,m,o,t,e,l
ounce,3268355,o,u,n,c,e
wreak,316442,w,r,e,a,k
revel,546018,r,e,v,e,l
talon,858061,t,a,l,o,n
prior,62949059,p,r,i,o,r
knelt,429464,k,n,e,l,t
cello,2358848,c,e,l,l,o
flake,847014,f,l,a,k,e
debug,9581095,d,e,b,u,g
anode,768949,a,n,o,d,e
crime,40361756,c,r,i,m,e
salve,423303,s,a,l,v,e
scout,6176157,s,c,o,u,t
imbue,105068,i,m,b,u,e
pinky,672775,p,i,n,k,y
stave,363443,s,t,a,v,e
vague,2783775,v,a,g,u,e
chock,508651,c,h,o,c,k
fight,30784313,f,i,g,h,t
video,365410017,v,i,d,e,o
stone,42494931,s,t,o,n,e
teach,19079783,t,e,a,c,h
cleft,787981,c,l,e,f,t
frost,5940685,f,r,o,s,t
prawn,510828,p,r,a,w,n
booty,14218854,b,o,o,t,y
twist,7240854,t,w,i,s,t
apnea,950562,a,p,n,e,a
stiff,3492842,s,t,i,f,f
plaza,14274314,p,l,a,z,a
ledge,1157598,l,e,d,g,e
tweak,1705761,t,w,e,a,k
board,212361059,b,o,a,r,d
grant,47609624,g,r,a,n,t
medic,1122716,m,e,d,i,c
bacon,5385205,b,a,c,o,n
cable,70082598,c,a,b,l,e
brawl,567755,b,r,a,w,l
slunk,40167,s,l,u,n,k
raspy,105094,r,a,s,p,y
forum,254478181,f,o,r,u,m
drone,725818,d,r,o,n,e
women,242520455,w,o,m,e,n
mucus,600467,m,u,c,u,s
boast,1239080,b,o,a,s,t
toddy,131875,t,o,d,d,y
coven,295821,c,o,v,e,n
tumor,7430480,t,u,m,o,r
truer,254461,t,r,u,e,r
wrath,2486700,w,r,a,t,h
stall,2114252,s,t,a,l,l
steam,11141309,s,t,e,a,m
axial,1685087,a,x,i,a,l
purer,145370,p,u,r,e,r
daily,105837757,d,a,i,l,y
trail,23648838,t,r,a,i,l
niche,3999108,n,i,c,h,e
mealy,116752,m,e,a,l,y
juice,10973425,j,u,i,c,e
nylon,10410171,n,y,l,o,n
plump,3386553,p,l,u,m,p
merry,6367037,m,e,r,r,y
flail,155382,f,l,a,i,l
papal,754586,p,a,p,a,l
wheat,8685589,w,h,e,a,t
berry,7551906,b,e,r,r,y
cower,95006,c,o,w,e,r
erect,2057313,e,r,e,c,t
brute,1216912,b,r,u,t,e
leggy,182670,l,e,g,g,y
snipe,425778,s,n,i,p,e
sinew,74869,s,i,n,e,w
skier,863046,s,k,i,e,r
penny,7162062,p,e,n,n,y
jumpy,168187,j,u,m,p,y
rally,9155530,r,a,l,l,y
umbra,321800,u,m,b,r,a
scary,5571680,s,c,a,r,y
modem,15984492,m,o,d,e,m
gross,16440590,g,r,o,s,s
avian,2877167,a,v,i,a,n
greed,1997460,g,r,e,e,d
satin,6620674,s,a,t,i,n
tonic,1393402,t,o,n,i,c
parka,688453,p,a,r,k,a
sniff,1041321,s,n,i,f,f
livid,270785,l,i,v,i,d
stark,3479265,s,t,a,r,k
trump,2879094,t,r,u,m,p
giddy,483433,g,i,d,d,y
reuse,3950428,r,e,u,s,e
taboo,3079923,t,a,b,o,o
avoid,36508203,a,v,o,i,d
quote,139242226,q,u,o,t,e
devil,12869511,d,e,v,i,l
liken,132264,l,i,k,e,n
gloss,3426618,g,l,o,s,s
gayer,62075,g,a,y,e,r
beret,330199,b,e,r,e,t
noise,25171520,n,o,i,s,e
gland,2561362,g,l,a,n,d
dealt,6174968,d,e,a,l,t
sling,1688770,s,l,i,n,g
rumor,2455494,r,u,m,o,r
opera,18225169,o,p,e,r,a
thigh,2171107,t,h,i,g,h
tonga,4813052,t,o,n,g,a
flare,2190533,f,l,a,r,e
wound,5820050,w,o,u,n,d
white,209863729,w,h,i,t,e
bulky,1181562,b,u,l,k,y
etude,338721,e,t,u,d,e
horse,58453720,h,o,r,s,e
circa,3475462,c,i,r,c,a
paddy,1668962,p,a,d,d,y
inbox,5845223,i,n,b,o,x
fizzy,194519,f,i,z,z,y
grain,10244623,g,r,a,i,n
exert,1109622,e,x,e,r,t
surge,5436623,s,u,r,g,e
gleam,356949,g,l,e,a,m
belle,5820002,b,e,l,l,e
salvo,454555,s,a,l,v,o
crush,3576348,c,r,u,s,h
fruit,22767191,f,r,u,i,t
sappy,216405,s,a,p,p,y
taker,625940,t,a,k,e,r
tract,5897046,t,r,a,c,t
ovine,146663,o,v,i,n,e
spiky,181090,s,p,i,k,y
frank,31392284,f,r,a,n,k
reedy,316918,r,e,e,d,y
filth,2077997,f,i,l,t,h
spasm,391339,s,p,a,s,m
heave,296454,h,e,a,v,e
mambo,5164902,m,a,m,b,o
right,273620358,r,i,g,h,t
clank,265523,c,l,a,n,k
trust,55157142,t,r,u,s,t
lumen,710305,l,u,m,e,n
borne,3379421,b,o,r,n,e
spook,318653,s,p,o,o,k
sauce,10968629,s,a,u,c,e
amber,11065507,a,m,b,e,r
lathe,1073261,l,a,t,h,e
carat,3398374,c,a,r,a,t
corer,96129,c,o,r,e,r
dirty,16101662,d,i,r,t,y
slyly,103507,s,l,y,l,y
affix,444121,a,f,f,i,x
alloy,5468839,a,l,l,o,y
taint,375008,t,a,i,n,t
sheep,8962638,s,h,e,e,p
kinky,3254161,k,i,n,k,y
wooly,256170,w,o,o,l,y
mauve,589931,m,a,u,v,e
flung,838045,f,l,u,n,g
yacht,5932756,y,a,c,h,t
fried,4364192,f,r,i,e,d
quail,1278967,q,u,a,i,l
brunt,489270,b,r,u,n,t
grimy,139160,g,r,i,m,y
curvy,360365,c,u,r,v,y
cagey,66504,c,a,g,e,y
rinse,1885846,r,i,n,s,e
deuce,970434,d,e,u,c,e
state,453104133,s,t,a,t,e
grasp,3270025,g,r,a,s,p
milky,1515925,m,i,l,k,y
bison,2002028,b,i,s,o,n
graft,1576259,g,r,a,f,t
sandy,9897487,s,a,n,d,y
baste,95369,b,a,s,t,e
flask,1150132,f,l,a,s,k
hedge,4041429,h,e,d,g,e
girly,778626,g,i,r,l,y
swash,265955,s,w,a,s,h
boney,409772,b,o,n,e,y
coupe,4874541,c,o,u,p,e
endow,195844,e,n,d,o,w
abhor,169167,a,b,h,o,r
welch,3031408,w,e,l,c,h
blade,11527988,b,l,a,d,e
tight,17981854,t,i,g,h,t
geese,1299115,g,e,e,s,e
miser,222219,m,i,s,e,r
mirth,381439,m,i,r,t,h
cloud,11337220,c,l,o,u,d
cabal,531622,c,a,b,a,l
leech,698609,l,e,e,c,h
close,107853068,c,l,o,s,e
tenth,3317039,t,e,n,t,h
pecan,1118027,p,e,c,a,n
droit,750988,d,r,o,i,t
grail,1122474,g,r,a,i,l
clone,9284578,c,l,o,n,e
guise,767344,g,u,i,s,e
ralph,12190683,r,a,l,p,h
tango,2727306,t,a,n,g,o
biddy,137910,b,i,d,d,y
smith,63357901,s,m,i,t,h
mower,1579636,m,o,w,e,r
payee,611882,p,a,y,e,e
serif,2109334,s,e,r,i,f
drape,484861,d,r,a,p,e
fifth,16255266,f,i,f,t,h
spank,5416004,s,p,a,n,k
glaze,1431525,g,l,a,z,e
allot,396325,a,l,l,o,t
truck,32136249,t,r,u,c,k
kayak,2628993,k,a,y,a,k
virus,36286003,v,i,r,u,s
testy,167487,t,e,s,t,y
tepee,52048,t,e,p,e,e
fully,48616832,f,u,l,l,y
zonal,536783,z,o,n,a,l
metro,18738665,m,e,t,r,o
curry,4029540,c,u,r,r,y
grand,56599468,g,r,a,n,d
banjo,1940675,b,a,n,j,o
axion,276049,a,x,i,o,n
bezel,1692595,b,e,z,e,l
occur,24679212,o,c,c,u,r
chain,35928367,c,h,a,i,n
nasal,2536094,n,a,s,a,l
gooey,335656,g,o,o,e,y
filer,702264,f,i,l,e,r
brace,2182960,b,r,a,c,e
allay,203474,a,l,l,a,y
pubic,923627,p,u,b,i,c
raven,4630541,r,a,v,e,n
plead,1125870,p,l,e,a,d
gnash,60339,g,n,a,s,h
flaky,442666,f,l,a,k,y
munch,699127,m,u,n,c,h
dully,66436,d,u,l,l,y
eking,26695,e,k,i,n,g
thing,97451660,t,h,i,n,g
slink,196197,s,l,i,n,k
hurry,3536968,h,u,r,r,y
theft,12744763,t,h,e,f,t
shorn,142311,s,h,o,r,n
pygmy,421975,p,y,g,m,y
ranch,10539650,r,a,n,c,h
wring,188579,w,r,i,n,g
lemon,9066930,l,e,m,o,n
shore,12568485,s,h,o,r,e
mamma,1368416,m,a,m,m,a
froze,594804,f,r,o,z,e
newer,7122879,n,e,w,e,r
style,101024266,s,t,y,l,e
moose,3581329,m,o,o,s,e
antic,147936,a,n,t,i,c
drown,1156106,d,r,o,w,n
vegan,2642418,v,e,g,a,n
chess,8293823,c,h,e,s,s
guppy,233792,g,u,p,p,y
union,72603888,u,n,i,o,n
lever,3566558,l,e,v,e,r
lorry,549887,l,o,r,r,y
image,197874283,i,m,a,g,e
cabby,61542,c,a,b,b,y
druid,1160196,d,r,u,i,d
exact,22304937,e,x,a,c,t
truth,35345925,t,r,u,t,h
dopey,169040,d,o,p,e,y
spear,2942538,s,p,e,a,r
cried,4352198,c,r,i,e,d
chime,1115076,c,h,i,m,e
crony,137861,c,r,o,n,y
stunk,76458,s,t,u,n,k
timid,657204,t,i,m,i,d
batch,7835050,b,a,t,c,h
gauge,9952466,g,a,u,g,e
rotor,2003039,r,o,t,o,r
crack,16633701,c,r,a,c,k
curve,11071177,c,u,r,v,e
latte,783412,l,a,t,t,e
witch,6671560,w,i,t,c,h
bunch,10355431,b,u,n,c,h
repel,439316,r,e,p,e,l
anvil,936808,a,n,v,i,l
soapy,303519,s,o,a,p,y
meter,22874915,m,e,t,e,r
broth,1297117,b,r,o,t,h
madly,545418,m,a,d,l,y
dried,6331606,d,r,i,e,d
scene,29372413,s,c,e,n,e
known,86395556,k,n,o,w,n
magma,992528,m,a,g,m,a
roost,608008,r,o,o,s,t
woman,70613606,w,o,m,a,n
thong,7747699,t,h,o,n,g
punch,6872844,p,u,n,c,h
pasty,231237,p,a,s,t,y
downy,288639,d,o,w,n,y
knead,235592,k,n,e,a,d
whirl,622629,w,h,i,r,l
rapid,19070672,r,a,p,i,d
clang,187651,c,l,a,n,g
anger,7991036,a,n,g,e,r
drive,107799371,d,r,i,v,e
goofy,1187234,g,o,o,f,y
email,443949646,e,m,a,i,l
music,414028837,m,u,s,i,c
stuff,81444510,s,t,u,f,f
bleep,397961,b,l,e,e,p
rider,8987802,r,i,d,e,r
mecca,1298392,m,e,c,c,a
folio,1842202,f,o,l,i,o
setup,23534848,s,e,t,u,p
verso,788583,v,e,r,s,o
quash,204823,q,u,a,s,h
fauna,2298940,f,a,u,n,a
gummy,281705,g,u,m,m,y
happy,63471922,h,a,p,p,y
newly,21102330,n,e,w,l,y
fussy,435961,f,u,s,s,y
relic,947341,r,e,l,i,c
guava,259541,g,u,a,v,a
ratty,148678,r,a,t,t,y
fudge,1969555,f,u,d,g,e
femur,446209,f,e,m,u,r
chirp,240510,c,h,i,r,p
forte,1795408,f,o,r,t,e
alibi,448710,a,l,i,b,i
whine,832743,w,h,i,n,e
petty,3195594,p,e,t,t,y
golly,329846,g,o,l,l,y
plait,103227,p,l,a,i,t
fleck,454043,f,l,e,c,k
felon,392714,f,e,l,o,n
gourd,502106,g,o,u,r,d
brown,64112042,b,r,o,w,n
thrum,28106,t,h,r,u,m
ficus,278867,f,i,c,u,s
stash,1553737,s,t,a,s,h
decry,203238,d,e,c,r,y
wiser,841127,w,i,s,e,r
junta,629394,j,u,n,t,a
visor,1850201,v,i,s,o,r
daunt,38855,d,a,u,n,t
scree,148396,s,c,r,e,e
impel,86447,i,m,p,e,l
await,1745587,a,w,a,i,t
press,179652730,p,r,e,s,s
whose,43634263,w,h,o,s,e
turbo,10058686,t,u,r,b,o
stoop,360440,s,t,o,o,p
speak,31324712,s,p,e,a,k
mangy,55682,m,a,n,g,y
eying,31044,e,y,i,n,g
inlet,3433125,i,n,l,e,t
crone,229759,c,r,o,n,e
pulse,18893735,p,u,l,s,e
mossy,470059,m,o,s,s,y
staid,194345,s,t,a,i,d
hence,14992334,h,e,n,c,e
pinch,2082769,p,i,n,c,h
teddy,5602073,t,e,d,d,y
sully,458846,s,u,l,l,y
snore,294125,s,n,o,r,e
ripen,191197,r,i,p,e,n
snowy,1631719,s,n,o,w,y
attic,3347389,a,t,t,i,c
going,155284081,g,o,i,n,g
leach,1516929,l,e,a,c,h
mouth,22880351,m,o,u,t,h
hound,2228633,h,o,u,n,d
clump,345355,c,l,u,m,p
tonal,707113,t,o,n,a,l
bigot,258267,b,i,g,o,t
peril,1258951,p,e,r,i,l
piece,44298807,p,i,e,c,e
blame,8170544,b,l,a,m,e
haute,1863024,h,a,u,t,e
spied,294373,s,p,i,e,d
undid,126166,u,n,d,i,d
intro,11938092,i,n,t,r,o
basal,1821739,b,a,s,a,l
shine,5881862,s,h,i,n,e
gecko,1230211,g,e,c,k,o
rodeo,3587192,r,o,d,e,o
guard,21137924,g,u,a,r,d
steer,2159937,s,t,e,e,r
loamy,138014,l,o,a,m,y
scamp,810996,s,c,a,m,p
scram,139774,s,c,r,a,m
manly,1260481,m,a,n,l,y
hello,32960381,h,e,l,l,o
vaunt,17134,v,a,u,n,t
organ,9077449,o,r,g,a,n
feral,897865,f,e,r,a,l
knock,5196013,k,n,o,c,k
extra,59377307,e,x,t,r,a
condo,6444848,c,o,n,d,o
adapt,4675567,a,d,a,p,t
willy,2273954,w,i,l,l,y
polka,1242601,p,o,l,k,a
rayon,934490,r,a,y,o,n
skirt,9981485,s,k,i,r,t
faith,35936559,f,a,i,t,h
torso,1769562,t,o,r,s,o
match,53532481,m,a,t,c,h
mercy,6831149,m,e,r,c,y
tepid,220695,t,e,p,i,d
sleek,2734565,s,l,e,e,k
riser,969986,r,i,s,e,r
twixt,73594,t,w,i,x,t
peace,47856201,p,e,a,c,e
flush,5625285,f,l,u,s,h
catty,107679,c,a,t,t,y
login,144200144,l,o,g,i,n
eject,935010,e,j,e,c,t
roger,15353411,r,o,g,e,r
rival,4298220,r,i,v,a,l
untie,146576,u,n,t,i,e
refit,197564,r,e,f,i,t
aorta,641057,a,o,r,t,a
adult,97583096,a,d,u,l,t
judge,30905832,j,u,d,g,e
rower,239796,r,o,w,e,r
artsy,333481,a,r,t,s,y
rural,30998929,r,u,r,a,l
shave,2580057,s,h,a,v,e
